script,sciunit_count,llm_count,llama3_count,sciunit_dependencies,llm_dependencies,llama3_dependencies,llm_true_positives,llama3_true_positives,only_sciunit,only_llm,only_llama3,llm_and_llama3_only,llm_tp_count,llm_precision,llm_recall,llm_f1,llama3_tp_count,llama3_precision,llama3_recall,llama3_f1,llm_tp,llm_fp,llm_fn,llama3_tp,llama3_fp,llama3_fn
script_01,16,4,14,"blinker, certifi, charset_normalizer, click, flask, idna, itsdangerous, jinja2, markupsafe, numpy, numpy.libs, requests, simplejson, urllib3, werkzeug, zstandard","flask, numpy, redis, requests","certifi, charset-normalizer, click, flask, idna, itsdangerous, jinja2, markupsafe, numpy, numpy.libs, packaging, requests, urllib3, werkzeug","flask, numpy, requests","certifi, charset-normalizer, click, flask, idna, itsdangerous, jinja2, markupsafe, numpy, numpy.libs, requests, urllib3, werkzeug","blinker, charset_normalizer, simplejson, zstandard",redis,"charset-normalizer, packaging",,3,0.75,0.1875,0.3,13,0.9286,0.8125,0.8667,3,1,13,13,1,3
script_02,41,6,26,"IPython, PIL, asttokens, bottleneck, cloudpickle, colorama, comm, cycler, dateutil, defusedxml, executing, ipywidgets, jedi, joblib, kiwisolver, lz4, matplotlib, mpl_toolkits, numexpr, numpy, numpy.libs, packaging, pandas, parso, patsy, pillow.libs, prompt_toolkit, psutil, pure_eval, pyarrow, pygments, pyparsing, pytz, scipy, scipy.libs, seaborn, sklearn, stack_data, statsmodels, traitlets, wcwidth","matplotlib, numpy, pandas, seaborn, sklearn, tensorflow","bottleneck, contourpy, cycler, fonttools, joblib, kiwisolver, matplotlib, mpl_toolkits, numexpr, numpy, numpy.libs, packaging, pandas, pil, pillow, pillow.libs, pyparsing, pytz, scikit-learn, scipy, scipy.libs, seaborn, six, statsmodels, threadpoolctl, tzdata","matplotlib, numpy, pandas, seaborn, sklearn","bottleneck, cycler, joblib, kiwisolver, matplotlib, mpl_toolkits, numexpr, numpy, numpy.libs, packaging, pandas, pil, pillow.libs, pyparsing, pytz, scipy, scipy.libs, seaborn, statsmodels","IPython, PIL, asttokens, cloudpickle, colorama, comm, dateutil, defusedxml, executing, ipywidgets, jedi, lz4, parso, patsy, prompt_toolkit, psutil, pure_eval, pyarrow, pygments, stack_data, traitlets, wcwidth",tensorflow,"contourpy, fonttools, pil, pillow, scikit-learn, six, threadpoolctl, tzdata",,5,0.8333,0.122,0.2128,19,0.7308,0.4634,0.5672,5,1,36,19,7,22
script_03,9,3,7,"bs4, certifi, charset_normalizer, idna, requests, simplejson, soupsieve, urllib3, zstandard","bs4, redis, requests","beautifulsoup4, bs4, certifi, charset-normalizer, idna, requests, urllib3","bs4, requests","bs4, certifi, charset-normalizer, idna, requests, urllib3","charset_normalizer, simplejson, soupsieve, zstandard",redis,"beautifulsoup4, charset-normalizer",,2,0.6667,0.2222,0.3333,6,0.8571,0.6667,0.75,2,1,7,6,1,3
script_04,4,4,13,"greenlet, psycopg2, psycopg2_binary.libs, sqlalchemy","multiprocessing, psycopg2, requests, sqlalchemy","psycopg2, psycopg2._psycopg, psycopg2.extensions, psycopg2.extras, psycopg2.sql, sqlalchemy, sqlalchemy.dialects, sqlalchemy.engine, sqlalchemy.ext, sqlalchemy.orm, sqlalchemy.pool, sqlalchemy.sql, sqlalchemy.types","psycopg2, sqlalchemy","psycopg2, sqlalchemy","greenlet, psycopg2_binary.libs","multiprocessing, requests","psycopg2._psycopg, psycopg2.extensions, psycopg2.extras, psycopg2.sql, sqlalchemy.dialects, sqlalchemy.engine, sqlalchemy.ext, sqlalchemy.orm, sqlalchemy.pool, sqlalchemy.sql, sqlalchemy.types",,2,0.5,0.5,0.5,2,0.1538,0.5,0.2353,2,2,2,2,11,2
script_05,10,11,12,"aiohappyeyeballs, aiohttp, aiosignal, attr, frozenlist, idna, multidict, propcache, uvloop, yarl","aiohttp, asyncio, concurrent, concurrent.futures, flask, multiprocessing, queue, redis, requests, threading, uvloop","aiodns, aiohttp, async-timeout, attrs, certifi, chardet, idna, multidict, none, uvloop, uvloop.loop, yarl","aiohttp, uvloop","aiohttp, idna, multidict, uvloop, yarl","aiohappyeyeballs, aiosignal, attr, frozenlist, propcache","asyncio, concurrent, concurrent.futures, flask, multiprocessing, queue, redis, requests, threading","aiodns, async-timeout, attrs, certifi, chardet, none, uvloop.loop",,2,0.1818,0.2,0.1905,5,0.4167,0.5,0.4545,2,9,8,5,7,5
script_06,18,7,0,"PIL, cv2, cycler, dateutil, defusedxml, imageio, kiwisolver, lazy_loader, matplotlib, mpl_toolkits, numpy, numpy.libs, packaging, pillow.libs, pyparsing, scipy, scipy.libs, skimage","PIL, cv2, imageio, matplotlib, numpy, pillow, skimage",,"PIL, cv2, imageio, matplotlib, numpy, skimage",,"cycler, dateutil, defusedxml, kiwisolver, lazy_loader, mpl_toolkits, numpy.libs, packaging, pillow.libs, pyparsing, scipy, scipy.libs",pillow,,,6,0.8571,0.3333,0.48,0,0.0,0.0,0.0,6,1,12,0,0,18
script_07,19,7,51,"charset_normalizer, cython, cython_runtime, dateutil, joblib, nltk, nturl2path, numpy, opcode, pandas, psutil, pyarrow, pyexpat, pytz, regex, scipy, six, sklearn, threadpoolctl","nltk, requests, spacy, textblob, torch, transformers, wordcloud","beautifulsoup4, bottleneck, certifi, charset-normalizer, colorama, contourpy, cssselect2, cycler, filelock, fonttools, ftfy, html5lib, huggingface-hub, idna, joblib, jsonpickle, kiwisolver, langdetect, lxml, nltk, numexpr, numpy, packaging, pil, pillow, pyparsing, pytz, pyyaml, regex, requests, sacremoses, scikit-learn, scipy, sentencepiece, six, soupsieve, spacy, textblob, threadpoolctl, tokenizers, torch, tqdm, transformers, transformers-activations, transformers-optimization, transformers-scheduling, transformers-utils, tzdata, urllib3, webencodings, wordcloud",,,,,"beautifulsoup4, bottleneck, certifi, charset-normalizer, colorama, contourpy, cssselect2, cycler, filelock, fonttools, ftfy, html5lib, huggingface-hub, idna, joblib, jsonpickle, kiwisolver, langdetect, lxml, numexpr, numpy, packaging, pil, pillow, pyparsing, pytz, pyyaml, regex, sacremoses, scikit-learn, scipy, sentencepiece, six, soupsieve, threadpoolctl, tokenizers, tqdm, transformers-activations, transformers-optimization, transformers-scheduling, transformers-utils, tzdata, urllib3, webencodings","nltk, requests, spacy, textblob, torch, transformers, wordcloud",0,0.0,0.0,0.0,0,0.0,0.0,0.0,0,7,0,0,51,0
script_08,1,6,18,PyQt5,"PyQt5, flask, psycopg2, redis, requests, tkinter","pyqt5, pyqt5.qtcore, pyqt5.qtdbus, pyqt5.qtgui, pyqt5.qtmultimedia, pyqt5.qtmultimediawidgets, pyqt5.qtnetwork, pyqt5.qtprintsupport, pyqt5.qtsql, pyqt5.qtsvg, pyqt5.qtwebchannel, pyqt5.qtwebenginecore, pyqt5.qtwebenginewidgets, pyqt5.qtwidgets, pyqt5.qtxml, pyqt5.qtxmlpatterns, qt, sip",PyQt5,pyqt5,,"flask, psycopg2, redis, requests, tkinter","pyqt5, pyqt5.qtcore, pyqt5.qtdbus, pyqt5.qtgui, pyqt5.qtmultimedia, pyqt5.qtmultimediawidgets, pyqt5.qtnetwork, pyqt5.qtprintsupport, pyqt5.qtsql, pyqt5.qtsvg, pyqt5.qtwebchannel, pyqt5.qtwebenginecore, pyqt5.qtwebenginewidgets, pyqt5.qtwidgets, pyqt5.qtxml, pyqt5.qtxmlpatterns, qt, sip",,1,0.1667,1.0,0.2857,1,0.0556,1.0,0.1053,1,5,0,1,17,0
script_09,2,9,9,"cryptography, opcode","base64, bcrypt, cryptography, hashlib, hmac, jwt, redis, secrets, ssl","asn1crypto, bcrypt, cffi, cryptography, cryptography_vectors, idna, jwt, pycparser, six",,,,"base64, hashlib, hmac, redis, secrets, ssl","asn1crypto, cffi, cryptography_vectors, idna, pycparser, six","bcrypt, cryptography, jwt",0,0.0,0.0,0.0,0,0.0,0.0,0.0,0,9,0,0,9,0
script_10,9,3,6,"cython_runtime, mpmath, numpy, opcode, scipy, sre_compile, sre_constants, sre_parse, sympy","numpy, scipy, sympy","mpmath, numpy, numpy.libs, scipy, scipy.libs, sympy",,,,,"mpmath, numpy.libs, scipy.libs","numpy, scipy, sympy",0,0.0,0.0,0.0,0,0.0,0.0,0.0,0,3,0,0,6,0
script_11,8,6,29,"numpy, opcode, pkg_resources, pyexpat, pygame, sre_compile, sre_constants, sre_parse","flask, pillow, pygame, redis, threading, uwsgi","pygame, pygame.display, pygame.event, pygame.font, pygame.ftfont, pygame.image, pygame.key, pygame.locals, pygame.mixer, pygame.mouse, pygame.rect, pygame.sdl, pygame.sdl_font, pygame.sdl_gfx, pygame.sdl_image, pygame.sdl_mixer, pygame.sdl_ttf, pygame.sdl_video, pygame.sdlfont, pygame.sdlgfx, pygame.sdlimage, pygame.sdlmixer, pygame.sdlvideo, pygame.sprite, pygame.surface, pygame.sysfont, pygame.time, pygame.transform, pygame.version",pygame,pygame,"llvmlite, munkres, numpy, numpy.libs, packaging, pkg_resources, platformdirs, pyarrow, pygame.libs, setuptools, zstandard","flask, pillow, redis, threading, uwsgi","pygame.display, pygame.event, pygame.font, pygame.ftfont, pygame.image, pygame.key, pygame.locals, pygame.mixer, pygame.mouse, pygame.rect, pygame.sdl, pygame.sdl_font, pygame.sdl_gfx, pygame.sdl_image, pygame.sdl_mixer, pygame.sdl_ttf, pygame.sdl_video, pygame.sdlfont, pygame.sdlgfx, pygame.sdlimage, pygame.sdlmixer, pygame.sdlvideo, pygame.sprite, pygame.surface, pygame.sysfont, pygame.time, pygame.transform, pygame.version",,1,0.1667,0.0833,0.1111,1,0.0345,0.0833,0.0488,1,5,11,1,28,11
script_12,0,4,1,,"configparser, json, pillow, uwsgi",none.,,,,"configparser, json, pillow, uwsgi",none.,,0,0.0,0.0,0.0,0,0.0,0.0,0.0,0,4,0,0,1,0
script_13,0,6,5,,"flask, ftplib, json, psycopg2, requests, smtplib","cryptography, paramiko, pyftpdlib, requests, yagmail",,,,"flask, ftplib, json, psycopg2, smtplib","cryptography, paramiko, pyftpdlib, yagmail",requests,0,0.0,0.0,0.0,0,0.0,0.0,0.0,0,6,0,0,5,0
script_14,0,7,6,,"doctest, flask, multiprocessing, pytest, redis, requests, unittest","certifi, charset-normalizer, idna, pytest, requests, urllib3",pytest,pytest,"iniconfig, pluggy, py, pygments","doctest, flask, multiprocessing, redis, unittest","certifi, charset-normalizer, idna, urllib3",requests,1,0.1429,0.2,0.1667,1,0.1667,0.2,0.1818,1,6,4,1,5,4
script_15,3,4,0,"sre_compile, sre_constants, sre_parse","codecs, difflib, string, unicodedata",,,,,"codecs, difflib, string, unicodedata",,,0,0.0,0.0,0.0,0,0.0,0.0,0.0,0,4,0,0,0,0
script_16,7,3,1,"dateutil, pytz, six, sre_compile, sre_constants, sre_parse, tzdata","calendar, dateutil, pytz",pytz,"dateutil, pytz",pytz,,calendar,,,2,0.6667,1.0,0.8,1,1.0,0.5,0.6667,2,1,0,1,0,1
script_17,9,8,3,"cython_runtime, lxml, opcode, pyexpat, sre_compile, sre_constants, sre_parse, xmltodict, yaml","bs4, json, lxml, pymongo, redis, requests, xmltodict, yaml","lxml, xmltodict, yaml",,,,"bs4, json, pymongo, redis, requests",,"lxml, xmltodict, yaml",0,0.0,0.0,0.0,0,0.0,0.0,0.0,0,8,0,0,3,0
script_18,25,6,31,"cycler, cython_runtime, dateutil, kiwisolver, matplotlib, mpl_toolkits, narwhals, numpy, opcode, packaging, pandas, patsy, pil, plotly, pyexpat, pyparsing, pytz, scipy, seaborn, six, sre_compile, sre_constants, sre_parse, statsmodels, tzdata","bokeh, matplotlib, numpy, pandas, plotly, seaborn","bokeh, bottleneck, certifi, charset-normalizer, contourpy, cycler, fonttools, idna, joblib, kiwisolver, matplotlib, mpl_toolkits, numexpr, numpy, numpy.libs, packaging, pandas, pil, pillow, pillow.libs, plotly, pyparsing, pytz, requests, scipy, scipy.libs, seaborn, six, threadpoolctl, tzdata, urllib3","matplotlib, numpy, pandas, seaborn","bottleneck, cycler, kiwisolver, matplotlib, mpl_toolkits, numexpr, numpy, numpy.libs, packaging, pandas, pil, pillow.libs, pyparsing, pytz, scipy, scipy.libs, seaborn","IPython, PIL, asttokens, cloudpickle, colorama, comm, dateutil, defusedxml, executing, ipywidgets, jedi, parso, patsy, prompt_toolkit, pure_eval, pyarrow, pygments, stack_data, statsmodels, traitlets, wcwidth",,"certifi, charset-normalizer, contourpy, fonttools, idna, joblib, pil, pillow, requests, six, threadpoolctl, tzdata, urllib3","bokeh, plotly",4,0.6667,0.1081,0.186,17,0.5484,0.4595,0.5,4,2,33,17,14,20
script_19,16,5,31,"cython_runtime, dateutil, joblib, numpy, opcode, pandas, psutil, pytz, scipy, six, sklearn, sre_compile, sre_constants, sre_parse, threadpoolctl, tzdata","numpy, sklearn, tensorflow, torch, xgboost","bottleneck, certifi, charset-normalizer, contourpy, cycler, fonttools, idna, joblib, kiwisolver, numexpr, numpy, numpy.libs, packaging, pil, pillow, pillow.libs, pyparsing, pytz, scikit-learn, scipy, scipy.libs, six, tensorflow, tensorflow.keras, threadpoolctl, torch, torch.nn, torch.optim, tzdata, urllib3, xgboost","numpy, sklearn","bottleneck, joblib, numexpr, numpy, numpy.libs, pytz, scipy, scipy.libs","cloudpickle, dateutil, lz4, pandas, psutil, pyarrow",,"certifi, charset-normalizer, contourpy, cycler, fonttools, idna, kiwisolver, packaging, pil, pillow, pillow.libs, pyparsing, scikit-learn, six, tensorflow.keras, threadpoolctl, torch.nn, torch.optim, tzdata, urllib3","tensorflow, torch, xgboost",2,0.4,0.1333,0.2,8,0.2581,0.5333,0.3478,2,3,13,8,23,7
script_20,5,5,3,"cython_runtime, sre_compile, sre_constants, sre_parse, yaml","configparser, json, redis, uwsgi, yaml","configparser, pyyaml, yaml",,,,"json, redis, uwsgi",pyyaml,"configparser, yaml",0,0.0,0.0,0.0,0,0.0,0.0,0.0,0,5,0,0,3,0
script_21,3,5,0,"sre_compile, sre_constants, sre_parse","imaplib, poplib, requests, smtplib, ssl",,,,,"imaplib, poplib, requests, smtplib, ssl",,,0,0.0,0.0,0.0,0,0.0,0.0,0.0,0,5,0,0,0,0
script_22,0,6,3,,"bs4, platform, psutil, pymongo, redis, serial","platform, psutil, serial","psutil, serial","psutil, serial",,"bs4, pymongo, redis",,platform,2,0.3333,1.0,0.5,2,0.6667,1.0,0.8,2,4,0,2,1,0
script_23,0,4,14,,"fpdf, pillow, pypdf, reportlab","fitz, fpdf, fpdf.fpdf, pypdf, pypdf2.pdfmerger, pypdf2.pdfreader, pypdf2.pdfwriter, reportlab, reportlab.lib.colors, reportlab.lib.pagesizes, reportlab.lib.styles, reportlab.lib.units, reportlab.pdfgen, reportlab.platypus","fpdf, pypdf, reportlab","fpdf, pypdf, reportlab","PIL, bcrypt, cryptography, defusedxml, fontTools, numpy, numpy.libs, pillow.libs",pillow,"fitz, fpdf.fpdf, pypdf2.pdfmerger, pypdf2.pdfreader, pypdf2.pdfwriter, reportlab.lib.colors, reportlab.lib.pagesizes, reportlab.lib.styles, reportlab.lib.units, reportlab.pdfgen, reportlab.platypus",,3,0.75,0.2727,0.4,3,0.2143,0.2727,0.24,3,1,8,3,11,8
script_24,15,8,7,"cv2, decorator, dotenv, imageio, imageio_ffmpeg, moviepy, numpy, opcode, pil, proglog, pydub, sre_compile, sre_constants, sre_parse, tqdm","cv2, moviepy, numpy, pillow, pydub, redis, requests, wave","cv2, ffmpeg, moviepy, numpy, numpy.libs, pydub, soundfile",,,,"pillow, redis, requests, wave","ffmpeg, numpy.libs, soundfile","cv2, moviepy, numpy, pydub",0,0.0,0.0,0.0,0,0.0,0.0,0.0,0,8,0,0,7,0
script_25,0,5,10,,"folium, geopy, pillow, redis, requests","branca, certifi, charset-normalizer, folium, geopy, idna, jinja2, markupsafe, requests, urllib3","folium, geopy, requests","branca, certifi, charset-normalizer, folium, geopy, idna, jinja2, markupsafe, requests, urllib3","aiohappyeyeballs, aiohttp, aiosignal, attr, bottleneck, charset_normalizer, cloudpickle, dateutil, frozenlist, geographiclib, multidict, numexpr, numpy, numpy.libs, pandas, propcache, pyarrow, pytz, simplejson, xyzservices, yarl, zstandard","pillow, redis",charset-normalizer,,3,0.6,0.0968,0.1667,10,1.0,0.3226,0.4878,3,2,28,10,0,21
script_26,0,7,11,,"facebook, instagram_basic_display, linkedin, redis, requests, requests_oauthlib, tweepy","certifi, charset-normalizer, facebook, idna, instagram-basic-display, linkedin, oauthlib, requests, requests_oauthlib, tweepy, urllib3","requests, requests_oauthlib, tweepy","certifi, charset-normalizer, idna, oauthlib, requests, requests_oauthlib, tweepy, urllib3","blinker, charset_normalizer, simplejson, zstandard","instagram_basic_display, redis","charset-normalizer, instagram-basic-display","facebook, linkedin",3,0.4286,0.2727,0.3333,8,0.7273,0.7273,0.7273,3,4,8,8,3,3
script_27,0,9,8,,"base58, binascii, ecdsa, hashlib, json, redis, requests, secp256k1, threading","base58, certifi, charset-normalizer, ecdsa, idna, requests, secp256k1, urllib3","ecdsa, requests","certifi, charset-normalizer, ecdsa, idna, requests, urllib3","charset_normalizer, gmpy2, simplejson, zstandard","binascii, hashlib, json, redis, threading",charset-normalizer,"base58, secp256k1",2,0.2222,0.2222,0.2222,6,0.75,0.6667,0.7059,2,7,7,6,2,3
script_28,0,8,21,,"azure, boto3, docker, google, kubernetes, plotly, redis, requests","azure-core, azure-identity, azure-mgmt-resource, azure-storage-blob, boto3, botocore, certifi, charset-normalizer, docker, docker-py, google-auth, google-auth-oauthlib, google-cloud-storage, googleapis-common-protos, grpc, idna, jmespath, kubernetes, requests, s3transfer, urllib3","azure, boto3, docker, google, kubernetes, requests","boto3, botocore, certifi, charset-normalizer, docker, grpc, idna, jmespath, kubernetes, requests, urllib3","Cython, Mako, Markdown, PennyLane, PennyLane_Lightning, PennyLane_Lightning_GPU, PyQt5, Send2Trash, accelerate, aiohappyeyeballs, aiohttp, aiosignal, alembic, anyio, arcade, archspec, astpretty, astropy, attr, babel, bcrypt, blinker, bokeh, bottle, cachetools, celery, certipy, cffi, charset_normalizer, conda, conda_libmamba_solver, conda_package_handling, cryptography, dask, dateutil, debugpy, deprecated, distributed, distro, docutils, durationpy, dynaconf, en_core_web_sm, fabric, fastai, fastapi, fastavro, fastcore, filetype, flask, fonttools, fpdf2, frozenlist, future, gdal, grpc_status, gunicorn, httpx, huggingface_hub, humanfriendly, imagecodecs, imageio, importlib_metadata, invoke, ipympl, ipython, isodate, jax_cuda12_pjrt, jinja2, json5, jsonpath_ng, jsonschema, jupyter_ai, jupyter_ai_magics, jupyter_ai_nrp, jupyter_client, jupyter_core, jupyter_events, jupyter_lsp, jupyter_server, jupyter_vscode_proxy, jupyterhub, jupyterlab, langchain, langchain_anthropic, langchain_community, langchain_core, langchain_mistralai, langchain_ollama, langchain_openai, langchain_text_splitters, langsmith, lightning, line_profiler, markdown_it_py, matplotlib_inline, memory_profiler, mlflow, mlflow_skinny, multidict, nacl, nbclassic, nbclient, nbconvert, nbdime, nbformat, nbgitpuller, networkx, nltk, notebook, numpy, oauthlib, openai, opentelemetry, opentelemetry_api, opentelemetry_sdk, optuna, optuna_dashboard, pandas, paramiko, pbr, pip, propcache, pulp, py_cpuinfo, pybind11, pygame, pygments, pyserial, pytest, python_dotenv, qianfan, qiskit, rasterio, ray, rdflib, requests_oauthlib, rsa, sentry_sdk, setuptools, simplejson, spacy, spacy_legacy, spacy_loggers, sqlparse, srsly, stevedore, sympy, tables, tabulate, thinc, tifffile, together, torch, tqdm, transformers, triton, typer, uvicorn, virtualenv, visualdl, wandb, watchdog, weasel, webcolors, websocket, websocket_client, wheel, wordcloud, wrapt, yaml, yarl, zipp, zstandard","plotly, redis","azure-core, azure-identity, azure-mgmt-resource, azure-storage-blob, charset-normalizer, docker-py, google-auth, google-auth-oauthlib, google-cloud-storage, googleapis-common-protos, s3transfer",,6,0.75,0.0323,0.0619,11,0.5238,0.0591,0.1063,6,2,180,11,10,175
script_29,0,10,8,,"OpenGL, glfw, moderngl, numpy, pillow, pygame, pyrr, stl, trimesh, uwsgi","glfw, moderngl, numpy, numpy.libs, pygame, pyrr, stl, trimesh","OpenGL, numpy, pygame","numpy, numpy.libs, pygame","llvmlite, munkres, packaging, pkg_resources, platformdirs, pyarrow, pygame.libs, setuptools, zstandard","pillow, uwsgi",,"glfw, moderngl, pyrr, stl, trimesh",3,0.3,0.2308,0.2609,3,0.375,0.2308,0.2857,3,7,10,3,5,10
script_30,26,7,36,"colorama, cycler, cython_runtime, dateutil, kiwisolver, llvmlite, matplotlib, mpl_toolkits, mpmath, numba, numpy, opcode, packaging, pandas, pil, pyexpat, pyparsing, pytz, scipy, six, sre_compile, sre_constants, sre_parse, sympy, tzdata, yaml","matplotlib, mpl_toolkits, numba, numpy, pandas, scipy, sympy","bottleneck, contourpy, cycler, fonttools, joblib, kiwisolver, matplotlib, matplotlib.backends, matplotlib.pyplot, mpl_toolkits, mpl_toolkits.mplot3d, numba, numba.core, numba.cuda, numba.np, numba.typed, numexpr, numpy, numpy.libs, packaging, pandas, pil, pillow, pillow.libs, pyparsing, pytz, scipy, scipy.integrate, scipy.libs, scipy.linalg, scipy.optimize, scipy.stats, six, sympy, threadpoolctl, tzdata",,,,,"bottleneck, contourpy, cycler, fonttools, joblib, kiwisolver, matplotlib.backends, matplotlib.pyplot, mpl_toolkits.mplot3d, numba.core, numba.cuda, numba.np, numba.typed, numexpr, numpy.libs, packaging, pil, pillow, pillow.libs, pyparsing, pytz, scipy.integrate, scipy.libs, scipy.linalg, scipy.optimize, scipy.stats, six, threadpoolctl, tzdata","matplotlib, mpl_toolkits, numba, numpy, pandas, scipy, sympy",0,0.0,0.0,0.0,0,0.0,0.0,0.0,0,7,0,0,36,0
script_31,0,6,8,,"json, numpy, paho, psycopg2, queue, requests","certifi, charset-normalizer, idna, numpy, numpy.libs, paho-mqtt, requests, urllib3","paho, requests","certifi, charset-normalizer, idna, requests, urllib3","anyio, attr, charset_normalizer, click, dns, h11, h2, hpack, httpcore, httpx, hyperframe, pygments, rich, simplejson, sniffio, zstandard","json, psycopg2, queue","charset-normalizer, numpy.libs, paho-mqtt",numpy,2,0.3333,0.0952,0.1481,5,0.625,0.2381,0.3448,2,4,19,5,3,16
script_32,17,8,150,"cycler, cython_runtime, dateutil, kiwisolver, matplotlib, mpl_toolkits, numpy, opcode, packaging, pil, pyexpat, pyparsing, scipy, six, sre_compile, sre_constants, sre_parse","control, matplotlib, numpy, redis, requests, scipy, sklearn, sympy","control, control.exception, control.frd, control.lti, control.margins, control.pzmap, control.rlocus, control.statefbk, control.tf, control.xferfcn, control.zpk, matplotlib, matplotlib.backends, matplotlib.cbook, matplotlib.cm, matplotlib.colors, matplotlib.dates, matplotlib.ft2font, matplotlib.gridspec, matplotlib.image, matplotlib.legend, matplotlib.lines, matplotlib.markers, matplotlib.patches, matplotlib.path, matplotlib.pyplot, matplotlib.quiver, matplotlib.text, matplotlib.ticker, matplotlib.transforms, matplotlib.tri, matplotlib.widgets, numpy, numpy.libs, scipy, scipy.integrate, scipy.integrate.odepack, scipy.integrate.quadpack, scipy.integrate.romberg, scipy.integrate.simpson, scipy.integrate.special, scipy.integrate.vode, scipy.integrate.zvode, scipy.interpolate, scipy.interpolate.fitpack, scipy.interpolate.fitpack2, scipy.interpolate.interpnd, scipy.interpolate.ndgriddata, scipy.interpolate.rbf, scipy.interpolate.smoothn, scipy.linalg, scipy.linalg.blas, scipy.linalg.decomp, scipy.linalg.decomp_lu, scipy.linalg.decomp_qz, scipy.linalg.decomp_schur, scipy.linalg.decomp_svd, scipy.linalg.solve, scipy.linalg.solve_banded, scipy.linalg.solve_circulant, scipy.linalg.solve_sylvester, scipy.linalg.solve_toeplitz, scipy.linalg.solve_triangular, scipy.optimize, scipy.optimize.anneal, scipy.optimize.basinhopping, scipy.optimize.brent, scipy.optimize.brentq, scipy.optimize.broyden1, scipy.optimize.broyden2, scipy.optimize.cobyla, scipy.optimize.differential_evolution, scipy.optimize.dogleg, scipy.optimize.fmin, scipy.optimize.fmin_bfgs, scipy.optimize.fmin_cg, scipy.optimize.fmin_l_bfgs_b, scipy.optimize.fmin_ncg, scipy.optimize.fmin_powell, scipy.optimize.fmin_slsqp, scipy.optimize.fmin_tnc, scipy.optimize.fminbound, scipy.optimize.leastsq, scipy.optimize.line_search, scipy.optimize.linear_sum_assignment, scipy.optimize.minimize, scipy.optimize.minimize_scalar, scipy.optimize.newton, scipy.optimize.newton_cg, scipy.optimize.nnls, scipy.optimize.root, scipy.optimize.root_scalar, scipy.optimize.slsqp, scipy.optimize.tnc, scipy.signal, scipy.signal.bsplines, scipy.signal.filter_design, scipy.signal.filter_design.analog, scipy.signal.filter_design.digital, scipy.signal.lfilter, scipy.signal.lti, scipy.signal.signaltools, scipy.signal.spectral, scipy.signal.waveforms, scipy.sparse, scipy.sparse.arpack, scipy.sparse.base, scipy.sparse.coo, scipy.sparse.csc, scipy.sparse.csgraph, scipy.sparse.csr, scipy.sparse.dia, scipy.sparse.dok, scipy.sparse.linalg, scipy.sparse.linalg.arpack, scipy.sparse.linalg.dsolve, scipy.sparse.linalg.eigen, scipy.sparse.linalg.interface, scipy.sparse.linalg.isolve, scipy.sparse.linalg.iterative, scipy.sparse.linalg.utils, scipy.spatial, scipy.spatial.distance, scipy.spatial.kdtree, scipy.spatial.qhull, scipy.spatial.transform, scipy.stats, scipy.stats.distributions, scipy.stats.morestats, scipy.stats.mstats, scipy.stats.stats, sympy, sympy.calculus, sympy.concrete, sympy.core, sympy.diffgeom, sympy.functions, sympy.geometry, sympy.integrals, sympy.logic, sympy.matrices, sympy.mpmath, sympy.ntheory, sympy.physics, sympy.plotting, sympy.printing, sympy.solvers, sympy.statistics, sympy.tensor, sympy.utilities","control, matplotlib, numpy, scipy, sympy","control, matplotlib, numpy, numpy.libs, scipy, sympy","PIL, cycler, dateutil, defusedxml, gmpy2, kiwisolver, mpl_toolkits, mpmath, packaging, pillow.libs, pyparsing, scipy.libs","redis, requests, sklearn","control.exception, control.frd, control.lti, control.margins, control.pzmap, control.rlocus, control.statefbk, control.tf, control.xferfcn, control.zpk, matplotlib.backends, matplotlib.cbook, matplotlib.cm, matplotlib.colors, matplotlib.dates, matplotlib.ft2font, matplotlib.gridspec, matplotlib.image, matplotlib.legend, matplotlib.lines, matplotlib.markers, matplotlib.patches, matplotlib.path, matplotlib.pyplot, matplotlib.quiver, matplotlib.text, matplotlib.ticker, matplotlib.transforms, matplotlib.tri, matplotlib.widgets, scipy.integrate, scipy.integrate.odepack, scipy.integrate.quadpack, scipy.integrate.romberg, scipy.integrate.simpson, scipy.integrate.special, scipy.integrate.vode, scipy.integrate.zvode, scipy.interpolate, scipy.interpolate.fitpack, scipy.interpolate.fitpack2, scipy.interpolate.interpnd, scipy.interpolate.ndgriddata, scipy.interpolate.rbf, scipy.interpolate.smoothn, scipy.linalg, scipy.linalg.blas, scipy.linalg.decomp, scipy.linalg.decomp_lu, scipy.linalg.decomp_qz, scipy.linalg.decomp_schur, scipy.linalg.decomp_svd, scipy.linalg.solve, scipy.linalg.solve_banded, scipy.linalg.solve_circulant, scipy.linalg.solve_sylvester, scipy.linalg.solve_toeplitz, scipy.linalg.solve_triangular, scipy.optimize, scipy.optimize.anneal, scipy.optimize.basinhopping, scipy.optimize.brent, scipy.optimize.brentq, scipy.optimize.broyden1, scipy.optimize.broyden2, scipy.optimize.cobyla, scipy.optimize.differential_evolution, scipy.optimize.dogleg, scipy.optimize.fmin, scipy.optimize.fmin_bfgs, scipy.optimize.fmin_cg, scipy.optimize.fmin_l_bfgs_b, scipy.optimize.fmin_ncg, scipy.optimize.fmin_powell, scipy.optimize.fmin_slsqp, scipy.optimize.fmin_tnc, scipy.optimize.fminbound, scipy.optimize.leastsq, scipy.optimize.line_search, scipy.optimize.linear_sum_assignment, scipy.optimize.minimize, scipy.optimize.minimize_scalar, scipy.optimize.newton, scipy.optimize.newton_cg, scipy.optimize.nnls, scipy.optimize.root, scipy.optimize.root_scalar, scipy.optimize.slsqp, scipy.optimize.tnc, scipy.signal, scipy.signal.bsplines, scipy.signal.filter_design, scipy.signal.filter_design.analog, scipy.signal.filter_design.digital, scipy.signal.lfilter, scipy.signal.lti, scipy.signal.signaltools, scipy.signal.spectral, scipy.signal.waveforms, scipy.sparse, scipy.sparse.arpack, scipy.sparse.base, scipy.sparse.coo, scipy.sparse.csc, scipy.sparse.csgraph, scipy.sparse.csr, scipy.sparse.dia, scipy.sparse.dok, scipy.sparse.linalg, scipy.sparse.linalg.arpack, scipy.sparse.linalg.dsolve, scipy.sparse.linalg.eigen, scipy.sparse.linalg.interface, scipy.sparse.linalg.isolve, scipy.sparse.linalg.iterative, scipy.sparse.linalg.utils, scipy.spatial, scipy.spatial.distance, scipy.spatial.kdtree, scipy.spatial.qhull, scipy.spatial.transform, scipy.stats, scipy.stats.distributions, scipy.stats.morestats, scipy.stats.mstats, scipy.stats.stats, sympy.calculus, sympy.concrete, sympy.core, sympy.diffgeom, sympy.functions, sympy.geometry, sympy.integrals, sympy.logic, sympy.matrices, sympy.mpmath, sympy.ntheory, sympy.physics, sympy.plotting, sympy.printing, sympy.solvers, sympy.statistics, sympy.tensor, sympy.utilities",,5,0.625,0.2778,0.3846,6,0.04,0.3333,0.0714,5,3,13,6,144,12
script_33,0,7,15,,"json, plotly, psycopg2, pymongo, redis, requests, sqlalchemy","certifi, charset-normalizer, idna, matplotlib, numpy, pandas, psycopg2, pymongo, redis, requests, six, sklearn, sqlalchemy, tzdata, urllib3","psycopg2, pymongo, redis, sqlalchemy","psycopg2, pymongo, redis, sqlalchemy","bcrypt, bson, cryptography, greenlet, psycopg2_binary.libs","json, plotly","certifi, charset-normalizer, idna, matplotlib, numpy, pandas, six, sklearn, tzdata, urllib3",requests,4,0.5714,0.4444,0.5,4,0.2667,0.4444,0.3333,4,3,5,4,11,5
script_34,3,5,5,"sre_compile, sre_constants, sre_parse","prometheus_client, psutil, redis, structlog, traceback","packaging, prometheus_client, psutil, six, structlog","prometheus_client, psutil, structlog","prometheus_client, psutil, structlog","attr, colorama, greenlet, pygments, rich","redis, traceback","packaging, six",,3,0.6,0.375,0.4615,3,0.6,0.375,0.4615,3,2,5,3,2,5
script_35,12,6,10,"backports, certifi, chardet, cython_runtime, idna, requests, six, sre_compile, sre_constants, sre_parse, urllib3, yaml","hashlib, json, pillow, requests, transformers, yaml","certifi, chardet, charset-normalizer, h11, idna, pyyaml, requests, rfc3986, urllib3, yaml","requests, yaml","certifi, charset-normalizer, idna, requests, urllib3, yaml","charset_normalizer, simplejson, zstandard","hashlib, json, pillow, transformers","chardet, charset-normalizer, h11, pyyaml, rfc3986",,2,0.3333,0.25,0.2857,6,0.6,0.75,0.6667,2,4,6,6,4,2
script_36,4,7,0,"numpy, sre_compile, sre_constants, sre_parse","Bio, matplotlib, networkx, numpy, pandas, redis, sklearn",,numpy,,numpy.libs,"Bio, matplotlib, networkx, pandas, redis, sklearn",,,1,0.1429,0.5,0.2222,0,0.0,0.0,0.0,1,6,1,0,0,2
script_37,24,8,24,"cycler, cython_runtime, dateutil, joblib, kiwisolver, matplotlib, mpl_toolkits, numpy, opcode, packaging, pandas, pil, psutil, pyexpat, pyparsing, pytz, scipy, six, sklearn, sre_compile, sre_constants, sre_parse, threadpoolctl, tzdata","matplotlib, numpy, pandas, redis, requests, scipy, sklearn, yfinance","bottleneck, certifi, charset-normalizer, contourpy, cycler, fonttools, idna, joblib, kiwisolver, matplotlib, numexpr, numpy, packaging, pandas, pillow, pyparsing, requests, scikit-learn, scipy, six, threadpoolctl, tzdata, urllib3, yfinance","matplotlib, numpy, pandas, scipy, sklearn","bottleneck, cycler, joblib, kiwisolver, matplotlib, numexpr, numpy, packaging, pandas, pyparsing, scipy","PIL, cloudpickle, dateutil, defusedxml, lz4, mpl_toolkits, numpy.libs, pillow.libs, psutil, pyarrow, pytz, scipy.libs",redis,"certifi, charset-normalizer, contourpy, fonttools, idna, pillow, scikit-learn, six, threadpoolctl, tzdata, urllib3","requests, yfinance",5,0.625,0.2083,0.3125,11,0.4583,0.4583,0.4583,5,3,19,11,13,13
script_38,4,7,0,"numpy, sre_compile, sre_constants, sre_parse","cirq, matplotlib, numpy, pennylane, qiskit, qiskit_aer, scipy",,"numpy, qiskit, scipy",,"PIL, defusedxml, dill, numpy.libs, pillow.libs, rustworkx, stevedore, symengine, symengine.libs","cirq, matplotlib, pennylane, qiskit_aer",,,3,0.4286,0.25,0.3158,0,0.0,0.0,0.0,3,4,9,0,0,12
script_39,19,8,6,"community, cython_runtime, dateutil, joblib, networkx, numpy, opcode, pandas, psutil, pyexpat, pytz, scipy, six, sklearn, sre_compile, sre_constants, sre_parse, threadpoolctl, tzdata","community, networkx, numpy, pandas, redis, scipy, sklearn, tensorflow","community, networkx, numpy, pandas, scikit-learn, scipy",,,,"redis, sklearn, tensorflow",scikit-learn,"community, networkx, numpy, pandas, scipy",0,0.0,0.0,0.0,0,0.0,0.0,0.0,0,8,0,0,6,0
script_40,16,4,4,"cython_runtime, dateutil, joblib, numpy, opcode, pandas, psutil, pytz, scipy, six, sklearn, sre_compile, sre_constants, sre_parse, threadpoolctl, tzdata","numpy, pandas, scipy, sklearn","numpy, pandas, scikit-learn, scipy","numpy, pandas, scipy, sklearn","numpy, pandas, scipy","bottleneck, cloudpickle, dateutil, joblib, lz4, numexpr, numpy.libs, psutil, pyarrow, pytz, scipy.libs",,scikit-learn,,4,1.0,0.2667,0.4211,3,0.75,0.2,0.3158,4,0,11,3,1,12
script_41,4,5,2,"numpy, sre_compile, sre_constants, sre_parse","concurrent, concurrent.futures, numpy, queue, redis","numpy, numpy.libs",numpy,"numpy, numpy.libs",,"concurrent, concurrent.futures, queue, redis",,,1,0.2,0.5,0.2857,2,1.0,1.0,1.0,1,4,1,2,0,0
script_42,26,6,33,"clarabel, cvxpy, cython_runtime, dateutil, google, jinja2, joblib, markupsafe, numpy, opcode, ortools, osqp, pandas, psutil, pulp, pytz, scipy, scs, six, sklearn, sre_compile, sre_constants, sre_parse, swig_runtime_data4, threadpoolctl, tzdata","cvxpy, numpy, ortools, pulp, scipy, sklearn","bottleneck, certifi, charset-normalizer, contourpy, cvxpy, cycler, fonttools, idna, joblib, kiwisolver, matplotlib, mpl_toolkits, numexpr, numpy, numpy.libs, ortools, packaging, pil, pillow, pillow.libs, pulp, pyparsing, pywrapcp, pywraplp, requests, routing_enums_pb2, scikit-learn, scipy, scipy.libs, six, threadpoolctl, tzdata, urllib3",,,,sklearn,"bottleneck, certifi, charset-normalizer, contourpy, cycler, fonttools, idna, joblib, kiwisolver, matplotlib, mpl_toolkits, numexpr, numpy.libs, packaging, pil, pillow, pillow.libs, pyparsing, pywrapcp, pywraplp, requests, routing_enums_pb2, scikit-learn, scipy.libs, six, threadpoolctl, tzdata, urllib3","cvxpy, numpy, ortools, pulp, scipy",0,0.0,0.0,0.0,0,0.0,0.0,0.0,0,6,0,0,33,0
script_43,4,5,1,"opcode, sre_compile, sre_constants, sre_parse","asyncio, dataclasses, inspect, pydantic, weakref",none.,,,,"asyncio, dataclasses, inspect, pydantic, weakref",none.,,0,0.0,0.0,0.0,0,0.0,0.0,0.0,0,5,0,0,1,0
script_44,6,13,8,"cprofile, opcode, psutil, sre_compile, sre_constants, sre_parse","cProfile, gc, line_profiler, memory_profiler, multiprocessing, numpy, objgraph, pstats, psutil, pympler, redis, tracemalloc, weakref","line_profiler, memory_profiler, numpy, numpy.libs, objgraph, psutil, pympler, weakref",,,,"cProfile, gc, multiprocessing, pstats, redis, tracemalloc",numpy.libs,"line_profiler, memory_profiler, numpy, objgraph, psutil, pympler, weakref",0,0.0,0.0,0.0,0,0.0,0.0,0.0,0,13,0,0,8,0
script_45,10,8,7,"numpy, opcode, opengl, pkg_resources, pyexpat, pygame, pymunk, sre_compile, sre_constants, sre_parse","OpenGL, arcade, dataclasses, numpy, psycopg2, pygame, pymunk, redis","arcade, numpy, pygame, pymunk, pyopengl, pyopengl_accelerate, six",,,,"OpenGL, dataclasses, psycopg2, redis","pyopengl, pyopengl_accelerate, six","arcade, numpy, pygame, pymunk",0,0.0,0.0,0.0,0,0.0,0.0,0.0,0,8,0,0,7,0
script_46,20,13,29,"cycler, cython_runtime, dateutil, kiwisolver, lazy_loader, librosa, matplotlib, mpl_toolkits, numpy, opcode, packaging, pil, pyexpat, pyparsing, scipy, six, soundfile, sre_compile, sre_constants, sre_parse","aubio, essentia, librosa, matplotlib, mir_eval, music21, numpy, pyaudio, pydub, scipy, soundfile, tensorflow, wave","aubio, bottleneck, certifi, charset-normalizer, contourpy, cycler, essentia, fonttools, idna, joblib, kiwisolver, librosa, matplotlib, mir_eval, music21, numexpr, numpy, packaging, pillow, pyaudio, pydub, pyparsing, scipy, six, soundfile, threadpoolctl, tzdata, urllib3, wave",,,,tensorflow,"bottleneck, certifi, charset-normalizer, contourpy, cycler, fonttools, idna, joblib, kiwisolver, numexpr, packaging, pillow, pyparsing, six, threadpoolctl, tzdata, urllib3","aubio, essentia, librosa, matplotlib, mir_eval, music21, numpy, pyaudio, pydub, scipy, soundfile, wave",0,0.0,0.0,0.0,0,0.0,0.0,0.0,0,13,0,0,29,0
script_47,5,13,68,"cv2, numpy, sre_compile, sre_constants, sre_parse","PIL, cv2, dlib, face_recognition, matplotlib, mediapipe, numpy, pillow, skimage, sklearn, tensorflow, torch, torchvision","bottleneck, certifi, charset-normalizer, contourpy, cv2, cycler, dlib, face_recognition, fonttools, idna, joblib, kiwisolver, matplotlib, matplotlib.backends, matplotlib.backends.backend_agg, matplotlib.backends.backend_cairo, matplotlib.backends.backend_gtk3, matplotlib.backends.backend_gtk3agg, matplotlib.backends.backend_gtk3cairo, matplotlib.backends.backend_macosx, matplotlib.backends.backend_pdf, matplotlib.backends.backend_ps, matplotlib.backends.backend_qt5, matplotlib.backends.backend_qt5agg, matplotlib.backends.backend_svg, matplotlib.backends.backend_tkagg, matplotlib.backends.backend_tkcairo, matplotlib.backends.backend_webagg, matplotlib.backends.backend_wx, matplotlib.backends.backend_wxagg, matplotlib.backends.backend_wxcairo, matplotlib.backends.backend_wxcocoa, matplotlib.style, matplotlib.tri, matplotlib.widgets, mediapipe, numexpr, numpy, numpy.libs, packaging, pil, pillow.libs, pyparsing, requests, scikit-learn, scipy, scipy.libs, six, skimage, skimage.feature, skimage.filter, skimage.io, skimage.measure, skimage.morphology, skimage.restoration, skimage.segmentation, skimage.transform, skimage.util, tensorflow, tensorflow.keras, tensorflow.keras.applications, tensorflow.keras.preprocessing, threadpoolctl, torch, torchvision, torchvision.transforms, tzdata, urllib3",,,,"PIL, pillow, sklearn","bottleneck, certifi, charset-normalizer, contourpy, cycler, fonttools, idna, joblib, kiwisolver, matplotlib.backends, matplotlib.backends.backend_agg, matplotlib.backends.backend_cairo, matplotlib.backends.backend_gtk3, matplotlib.backends.backend_gtk3agg, matplotlib.backends.backend_gtk3cairo, matplotlib.backends.backend_macosx, matplotlib.backends.backend_pdf, matplotlib.backends.backend_ps, matplotlib.backends.backend_qt5, matplotlib.backends.backend_qt5agg, matplotlib.backends.backend_svg, matplotlib.backends.backend_tkagg, matplotlib.backends.backend_tkcairo, matplotlib.backends.backend_webagg, matplotlib.backends.backend_wx, matplotlib.backends.backend_wxagg, matplotlib.backends.backend_wxcairo, matplotlib.backends.backend_wxcocoa, matplotlib.style, matplotlib.tri, matplotlib.widgets, numexpr, numpy.libs, packaging, pil, pillow.libs, pyparsing, requests, scikit-learn, scipy, scipy.libs, six, skimage.feature, skimage.filter, skimage.io, skimage.measure, skimage.morphology, skimage.restoration, skimage.segmentation, skimage.transform, skimage.util, tensorflow.keras, tensorflow.keras.applications, tensorflow.keras.preprocessing, threadpoolctl, torchvision.transforms, tzdata, urllib3","cv2, dlib, face_recognition, matplotlib, mediapipe, numpy, skimage, tensorflow, torch, torchvision",0,0.0,0.0,0.0,0,0.0,0.0,0.0,0,13,0,0,68,0
script_48,10,12,30,"backports, certifi, chardet, idna, requests, six, sre_compile, sre_constants, sre_parse, urllib3","bs4, hashlib, nltk, numpy, pandas, pymongo, redis, requests, scrapy, selenium, textblob, wordcloud","beautifulsoup4, bottleneck, certifi, charset-normalizer, contourpy, cycler, fonttools, html5lib, idna, joblib, kiwisolver, lxml, matplotlib, nltk, numexpr, numpy, packaging, pandas, pillow, pyparsing, pytz, requests, scipy, selenium, six, textblob, threadpoolctl, tzdata, urllib3, wordcloud","bs4, requests","certifi, charset-normalizer, idna, requests, urllib3","charset_normalizer, simplejson, soupsieve, zstandard","hashlib, pymongo, redis, scrapy","beautifulsoup4, bottleneck, charset-normalizer, contourpy, cycler, fonttools, html5lib, joblib, kiwisolver, lxml, matplotlib, numexpr, packaging, pillow, pyparsing, pytz, scipy, six, threadpoolctl, tzdata","nltk, numpy, pandas, selenium, textblob, wordcloud",2,0.1667,0.2222,0.1905,5,0.1667,0.5556,0.2564,2,10,7,5,25,4
script_49,0,8,21,,"hashlib, numpy, pandas, psycopg2, pymongo, redis, requests, sqlalchemy","bottleneck, certifi, cffi, charset-normalizer, cryptography, greenlet, idna, numexpr, numpy, numpy.libs, packaging, pandas, psycopg2, pycparser, pymongo, pytz, redis, six, sqlalchemy, tzdata, urllib3","numpy, pandas, psycopg2, pymongo, redis, sqlalchemy","bottleneck, cryptography, greenlet, numexpr, numpy, numpy.libs, pandas, psycopg2, pymongo, pytz, redis, sqlalchemy","bcrypt, bson, cloudpickle, dateutil, psycopg2_binary.libs, pyarrow","hashlib, requests","certifi, cffi, charset-normalizer, idna, packaging, pycparser, six, tzdata, urllib3",,6,0.75,0.3333,0.4615,12,0.5714,0.6667,0.6154,6,2,12,12,9,6
script_50,8,9,17,"bcrypt, cryptography, numpy, opcode, six, sre_compile, sre_constants, sre_parse","base64, cryptography, hashlib, hmac, ipaddress, numpy, redis, secrets, ssl","cffi, cryptography, cryptography.hazmat, cryptography.hazmat.backends, cryptography.hazmat.backends.commoncrypto, cryptography.hazmat.backends.default, cryptography.hazmat.backends.openssl, cryptography.hazmat.primitives, cryptography.hazmat.primitives.asymmetric, cryptography.hazmat.primitives.ciphers, cryptography.hazmat.primitives.hashes, cryptography.hazmat.primitives.kdf, cryptography.hazmat.primitives.padding, cryptography.hazmat.primitives.serialization, ipaddress, numpy, numpy.libs",,,,"base64, hashlib, hmac, redis, secrets, ssl","cffi, cryptography.hazmat, cryptography.hazmat.backends, cryptography.hazmat.backends.commoncrypto, cryptography.hazmat.backends.default, cryptography.hazmat.backends.openssl, cryptography.hazmat.primitives, cryptography.hazmat.primitives.asymmetric, cryptography.hazmat.primitives.ciphers, cryptography.hazmat.primitives.hashes, cryptography.hazmat.primitives.kdf, cryptography.hazmat.primitives.padding, cryptography.hazmat.primitives.serialization, numpy.libs","cryptography, ipaddress, numpy",0,0.0,0.0,0.0,0,0.0,0.0,0.0,0,9,0,0,17,0
script_51,0,3,19,,"matplotlib, numpy, pandas","bottleneck, contourpy, cycler, fonttools, kiwisolver, matplotlib, mpl_toolkits, numexpr, numpy, numpy.libs, packaging, pandas, pil, pillow, pillow.libs, pyparsing, pytz, six, tzdata","matplotlib, numpy, pandas","bottleneck, cycler, kiwisolver, matplotlib, mpl_toolkits, numexpr, numpy, numpy.libs, packaging, pandas, pil, pillow.libs, pyparsing, pytz","PIL, cloudpickle, dateutil, defusedxml, pyarrow",,"contourpy, fonttools, pil, pillow, six, tzdata",,3,1.0,0.1667,0.2857,14,0.7368,0.7778,0.7568,3,0,15,14,5,4
script_52,0,5,22,,"bs4, json, nltk, redis, requests","beautifulsoup4, certifi, charset-normalizer, idna, nltk, nltk.chunk, nltk.classify, nltk.cluster, nltk.collocations, nltk.corpus, nltk.metrics, nltk.parse, nltk.probability, nltk.sentiment, nltk.stem, nltk.tag, nltk.tokenize, nltk.tree, nltk.util, requests, soupsieve, urllib3","bs4, nltk, requests","certifi, charset-normalizer, idna, nltk, requests, soupsieve, urllib3","bottleneck, charset_normalizer, cloudpickle, dateutil, joblib, lz4, numexpr, numpy, numpy.libs, pandas, psutil, pyarrow, pytz, regex, scipy, scipy.libs, simplejson, sklearn, zstandard","json, redis","beautifulsoup4, charset-normalizer, nltk.chunk, nltk.classify, nltk.cluster, nltk.collocations, nltk.corpus, nltk.metrics, nltk.parse, nltk.probability, nltk.sentiment, nltk.stem, nltk.tag, nltk.tokenize, nltk.tree, nltk.util",,3,0.6,0.1154,0.1935,7,0.3182,0.2692,0.2917,3,2,23,7,15,19
script_53,0,5,8,,"joblib, json, numpy, sklearn, tensorflow","joblib, numpy, numpy.libs, scikit-learn, scipy, scipy.libs, sklearn, threadpoolctl",,,,"json, tensorflow","numpy.libs, scikit-learn, scipy, scipy.libs, threadpoolctl","joblib, numpy, sklearn",0,0.0,0.0,0.0,0,0.0,0.0,0.0,0,5,0,0,8,0
script_54,5,5,14,"cv2, numpy, sre_compile, sre_constants, sre_parse","PIL, cv2, matplotlib, numpy, pillow","contourpy, cycler, fonttools, kiwisolver, matplotlib, numpy, numpy.libs, packaging, pil, pillow, pillow.libs, pyparsing, six, tzdata",,,,"PIL, cv2","contourpy, cycler, fonttools, kiwisolver, numpy.libs, packaging, pil, pillow.libs, pyparsing, six, tzdata","matplotlib, numpy, pillow",0,0.0,0.0,0.0,0,0.0,0.0,0.0,0,5,0,0,14,0
script_55,0,5,38,,"numpy, pandas, pillow, sklearn, tensorflow","absl-py, astunparse, bottleneck, certifi, charset-normalizer, gast, google-auth, google-auth-oauthlib, google-pasta, grpcio, h5py, idna, joblib, markdown, numexpr, numpy, numpy.libs, opt-einsum, packaging, pandas, protobuf, pytz, scikit-learn, scipy, scipy.libs, six, sklearn, tensorboard, tensorboard-plugin-wit, tensorflow, tensorflow-io, tensorflow-io-gcs-filesystem, tensorflow_estimator, threadpoolctl, tzdata, urllib3, werkzeug, wheel",,,,pillow,"absl-py, astunparse, bottleneck, certifi, charset-normalizer, gast, google-auth, google-auth-oauthlib, google-pasta, grpcio, h5py, idna, joblib, markdown, numexpr, numpy.libs, opt-einsum, packaging, protobuf, pytz, scikit-learn, scipy, scipy.libs, six, tensorboard, tensorboard-plugin-wit, tensorflow-io, tensorflow-io-gcs-filesystem, tensorflow_estimator, threadpoolctl, tzdata, urllib3, werkzeug, wheel","numpy, pandas, sklearn, tensorflow",0,0.0,0.0,0.0,0,0.0,0.0,0.0,0,5,0,0,38,0
script_56,25,5,87,"cycler, cython_runtime, dateutil, kiwisolver, matplotlib, mpl_toolkits, narwhals, numpy, opcode, packaging, pandas, patsy, pil, plotly, pyexpat, pyparsing, pytz, scipy, seaborn, six, sre_compile, sre_constants, sre_parse, statsmodels, tzdata","matplotlib, numpy, pandas, plotly, seaborn","bottleneck, contourpy, cycler, fonttools, kiwisolver, matplotlib, matplotlib._version, matplotlib.animation, matplotlib.artist, matplotlib.axes, matplotlib.axis, matplotlib.backends, matplotlib.cbook, matplotlib.collections, matplotlib.colors, matplotlib.contour, matplotlib.dates, matplotlib.docstring, matplotlib.figure, matplotlib.font_manager, matplotlib.gridspec, matplotlib.image, matplotlib.legend, matplotlib.lines, matplotlib.markers, matplotlib.mlab, matplotlib.offsetbox, matplotlib.patches, matplotlib.path, matplotlib.pyplot, matplotlib.quiver, matplotlib.rcsetup, matplotlib.sankey, matplotlib.scale, matplotlib.spines, matplotlib.streamplot, matplotlib.table, matplotlib.text, matplotlib.ticker, matplotlib.transforms, matplotlib.tri, matplotlib.widgets, mpl_toolkits, numexpr, numpy, numpy._mtrand, numpy._typing, numpy.core, numpy.fft, numpy.lib, numpy.linalg, numpy.ma, numpy.matrixlib, numpy.polynomial, numpy.random, numpy.testing, packaging, pandas, pandas._libs, pandas.api, pandas.core, pandas.io, pandas.plotting, pandas.testing, pil, pillow, pillow.libs, plotly, plotly.express, plotly.graph_objects, plotly.io, plotly.offline, plotly.subplots, pyparsing, pytz, seaborn, seaborn.categorical, seaborn.distributions, seaborn.external, seaborn.matrix, seaborn.palettes, seaborn.regplot, seaborn.regression, seaborn.timeseries, seaborn.utils, six, tzdata",,,,,"bottleneck, contourpy, cycler, fonttools, kiwisolver, matplotlib._version, matplotlib.animation, matplotlib.artist, matplotlib.axes, matplotlib.axis, matplotlib.backends, matplotlib.cbook, matplotlib.collections, matplotlib.colors, matplotlib.contour, matplotlib.dates, matplotlib.docstring, matplotlib.figure, matplotlib.font_manager, matplotlib.gridspec, matplotlib.image, matplotlib.legend, matplotlib.lines, matplotlib.markers, matplotlib.mlab, matplotlib.offsetbox, matplotlib.patches, matplotlib.path, matplotlib.pyplot, matplotlib.quiver, matplotlib.rcsetup, matplotlib.sankey, matplotlib.scale, matplotlib.spines, matplotlib.streamplot, matplotlib.table, matplotlib.text, matplotlib.ticker, matplotlib.transforms, matplotlib.tri, matplotlib.widgets, mpl_toolkits, numexpr, numpy._mtrand, numpy._typing, numpy.core, numpy.fft, numpy.lib, numpy.linalg, numpy.ma, numpy.matrixlib, numpy.polynomial, numpy.random, numpy.testing, packaging, pandas._libs, pandas.api, pandas.core, pandas.io, pandas.plotting, pandas.testing, pil, pillow, pillow.libs, plotly.express, plotly.graph_objects, plotly.io, plotly.offline, plotly.subplots, pyparsing, pytz, seaborn.categorical, seaborn.distributions, seaborn.external, seaborn.matrix, seaborn.palettes, seaborn.regplot, seaborn.regression, seaborn.timeseries, seaborn.utils, six, tzdata","matplotlib, numpy, pandas, plotly, seaborn",0,0.0,0.0,0.0,0,0.0,0.0,0.0,0,5,0,0,87,0
script_57,18,8,17,"blinker, click, cython_runtime, dateutil, flask, itsdangerous, jinja2, markupsafe, numpy, opcode, pandas, pytz, six, sre_compile, sre_constants, sre_parse, tzdata, werkzeug","flask, hashlib, json, pandas, psycopg2, redis, requests, uwsgi","bottleneck, certifi, charset-normalizer, flask, idna, matplotlib, numexpr, numpy, numpy.libs, packaging, pandas, pytz, requests, six, sklearn, tzdata, urllib3",,,,"hashlib, json, psycopg2, redis, uwsgi","bottleneck, certifi, charset-normalizer, idna, matplotlib, numexpr, numpy, numpy.libs, packaging, pytz, six, sklearn, tzdata, urllib3","flask, pandas, requests",0,0.0,0.0,0.0,0,0.0,0.0,0.0,0,8,0,0,17,0
script_58,0,9,32,,"bs4, matplotlib, nltk, pandas, pymongo, requests, spacy, textblob, wordcloud","bottleneck, contourpy, cycler, fonttools, joblib, kiwisolver, matplotlib, matplotlib.pyplot, mpl_toolkits, nltk, nltk.corpus, nltk.stem, nltk.tokenize, numexpr, numpy, numpy.libs, packaging, pandas, pil, pillow, pillow.libs, pyparsing, pytz, scikit-learn, scipy, scipy.libs, six, spacy, textblob, threadpoolctl, tzdata, wordcloud",,,,"bs4, pymongo, requests","bottleneck, contourpy, cycler, fonttools, joblib, kiwisolver, matplotlib.pyplot, mpl_toolkits, nltk.corpus, nltk.stem, nltk.tokenize, numexpr, numpy, numpy.libs, packaging, pil, pillow, pillow.libs, pyparsing, pytz, scikit-learn, scipy, scipy.libs, six, threadpoolctl, tzdata","matplotlib, nltk, pandas, spacy, textblob, wordcloud",0,0.0,0.0,0.0,0,0.0,0.0,0.0,0,9,0,0,32,0
script_59,0,7,30,,"matplotlib, numpy, pandas, pmdarima, prophet, sklearn, statsmodels","bottleneck, contourpy, cycler, fonttools, holidays, joblib, kiwisolver, matplotlib, mpl_toolkits, numexpr, numpy, numpy.libs, packaging, pandas, pil, pillow, pillow.libs, pmdarima, prophet, prophet.libs, pyparsing, pytz, scikit-learn, scipy, scipy.libs, six, sklearn, statsmodels, threadpoolctl, tzdata",,,,,"bottleneck, contourpy, cycler, fonttools, holidays, joblib, kiwisolver, mpl_toolkits, numexpr, numpy.libs, packaging, pil, pillow, pillow.libs, prophet.libs, pyparsing, pytz, scikit-learn, scipy, scipy.libs, six, threadpoolctl, tzdata","matplotlib, numpy, pandas, pmdarima, prophet, sklearn, statsmodels",0,0.0,0.0,0.0,0,0.0,0.0,0.0,0,7,0,0,30,0
script_60,0,5,10,,"json, numpy, pandas, requests, sqlalchemy","bottleneck, numexpr, numpy, numpy.libs, packaging, pandas, pytz, six, sqlalchemy, tzdata",,,,"json, requests","bottleneck, numexpr, numpy.libs, packaging, pytz, six, tzdata","numpy, pandas, sqlalchemy",0,0.0,0.0,0.0,0,0.0,0.0,0.0,0,5,0,0,10,0
script_61,22,0,0,"cycler, cython_runtime, dateutil, greenlet, kiwisolver, matplotlib, mpl_toolkits, numpy, opcode, packaging, pandas, pil, plotly, pyexpat, pyparsing, pytz, six, sqlalchemy, sre_compile, sre_constants, sre_parse, tzdata",,,,,,,,,,,,,,,,,,,,,,
script_62,0,0,0,,,,,,,,,,,,,,,,,,,,,,,
script_63,0,0,0,,,,,,,,,,,,,,,,,,,,,,,
script_64,16,0,0,"cython_runtime, dateutil, joblib, numpy, opcode, pandas, psutil, pytz, scipy, six, sklearn, sre_compile, sre_constants, sre_parse, threadpoolctl, tzdata",,,,,,,,,,,,,,,,,,,,,,
script_65,0,0,0,,,,,,,,,,,,,,,,,,,,,,,
script_66,33,0,0,"colorama, cycler, cython_runtime, dateutil, joblib, kiwisolver, llvmlite, matplotlib, mpl_toolkits, mpmath, numba, numpy, opcode, packaging, pandas, patsy, pil, psutil, pyexpat, pyparsing, pytz, scipy, seaborn, six, sklearn, sre_compile, sre_constants, sre_parse, statsmodels, sympy, threadpoolctl, tzdata, yaml",,,,,,,,,,,,,,,,,,,,,,
script_67,23,0,0,"click, colorama, cython_runtime, dateutil, llvmlite, mpmath, numba, numpy, opcode, packaging, pandas, patsy, plotly, pytz, scipy, six, sre_compile, sre_constants, sre_parse, statsmodels, sympy, tzdata, yaml",,,,,,,,,,,,,,,,,,,,,,
script_68,23,0,0,"blinker, click, cython_runtime, dateutil, flask, itsdangerous, jinja2, joblib, markupsafe, numpy, opcode, pandas, psutil, pytz, scipy, six, sklearn, sre_compile, sre_constants, sre_parse, threadpoolctl, tzdata, werkzeug",,,,,,,,,,,,,,,,,,,,,,
script_69,0,0,0,,,,,,,,,,,,,,,,,,,,,,,
script_70,0,0,0,,,,,,,,,,,,,,,,,,,,,,,
script_71,26,0,0,"colorama, cycler, cython_runtime, dateutil, kiwisolver, llvmlite, matplotlib, mpl_toolkits, mpmath, numba, numpy, opcode, packaging, pandas, pil, pyexpat, pyparsing, pytz, scipy, six, sre_compile, sre_constants, sre_parse, sympy, tzdata, yaml",,,,,,,,,,,,,,,,,,,,,,
script_72,0,0,0,,,,,,,,,,,,,,,,,,,,,,,
script_73,26,0,0,"cycler, cython_runtime, dateutil, kiwisolver, matplotlib, mpl_toolkits, mpmath, numpy, opcode, packaging, pandas, patsy, pil, pyexpat, pyparsing, pytz, scipy, seaborn, six, sre_compile, sre_constants, sre_parse, statsmodels, sympy, tzdata, yaml",,,,,,,,,,,,,,,,,,,,,,
script_74,16,0,0,"cython_runtime, dateutil, joblib, numpy, opcode, pandas, psutil, pytz, scipy, six, sklearn, sre_compile, sre_constants, sre_parse, threadpoolctl, tzdata",,,,,,,,,,,,,,,,,,,,,,
script_75,16,0,0,"cython_runtime, dateutil, joblib, numpy, opcode, pandas, psutil, pytz, scipy, six, sklearn, sre_compile, sre_constants, sre_parse, threadpoolctl, tzdata",,,,,,,,,,,,,,,,,,,,,,
script_76,28,0,0,"click, cycler, cython_runtime, dateutil, greenlet, joblib, kiwisolver, matplotlib, mpl_toolkits, numpy, opcode, packaging, pandas, pil, plotly, psutil, pyexpat, pyparsing, pytz, scipy, six, sklearn, sqlalchemy, sre_compile, sre_constants, sre_parse, threadpoolctl, tzdata",,,,,,,,,,,,,,,,,,,,,,
script_77,3,0,0,"sre_compile, sre_constants, sre_parse",,,,,,,,,,,,,,,,,,,,,,
script_78,0,0,0,,,,,,,,,,,,,,,,,,,,,,,
script_79,20,0,0,"click, cython_runtime, dateutil, greenlet, joblib, numpy, opcode, pandas, plotly, psutil, pytz, scipy, six, sklearn, sqlalchemy, sre_compile, sre_constants, sre_parse, threadpoolctl, tzdata",,,,,,,,,,,,,,,,,,,,,,
script_80,16,0,0,"cython_runtime, dateutil, joblib, numpy, opcode, pandas, psutil, pytz, scipy, six, sklearn, sre_compile, sre_constants, sre_parse, threadpoolctl, tzdata",,,,,,,,,,,,,,,,,,,,,,
script_81,11,0,0,"blinker, click, flask, itsdangerous, jinja2, markupsafe, opcode, sre_compile, sre_constants, sre_parse, werkzeug",,,,,,,,,,,,,,,,,,,,,,
script_82,11,0,0,"blinker, click, flask, itsdangerous, jinja2, markupsafe, opcode, sre_compile, sre_constants, sre_parse, werkzeug",,,,,,,,,,,,,,,,,,,,,,
script_83,28,0,0,"colorama, cycler, cython_runtime, dateutil, kiwisolver, llvmlite, matplotlib, mpl_toolkits, mpmath, numba, numpy, opcode, packaging, pandas, patsy, pil, pyexpat, pyparsing, pytz, scipy, six, sre_compile, sre_constants, sre_parse, statsmodels, sympy, tzdata, yaml",,,,,,,,,,,,,,,,,,,,,,
script_84,27,0,0,"click, cycler, cython_runtime, dateutil, greenlet, joblib, kiwisolver, matplotlib, mpl_toolkits, numpy, opcode, packaging, pandas, pil, psutil, pyexpat, pyparsing, pytz, scipy, six, sklearn, sqlalchemy, sre_compile, sre_constants, sre_parse, threadpoolctl, tzdata",,,,,,,,,,,,,,,,,,,,,,
script_85,0,0,0,,,,,,,,,,,,,,,,,,,,,,,
script_86,11,0,0,"blinker, click, flask, itsdangerous, jinja2, markupsafe, opcode, sre_compile, sre_constants, sre_parse, werkzeug",,,,,,,,,,,,,,,,,,,,,,
script_87,33,0,0,"colorama, cycler, cython_runtime, dateutil, joblib, kiwisolver, llvmlite, matplotlib, mpl_toolkits, mpmath, numba, numpy, opcode, packaging, pandas, patsy, pil, psutil, pyexpat, pyparsing, pytz, scipy, seaborn, six, sklearn, sre_compile, sre_constants, sre_parse, statsmodels, sympy, threadpoolctl, tzdata, yaml",,,,,,,,,,,,,,,,,,,,,,
script_88,0,0,0,,,,,,,,,,,,,,,,,,,,,,,
script_89,34,0,0,"colorama, cycler, cython_runtime, dateutil, joblib, kiwisolver, llvmlite, matplotlib, mpl_toolkits, mpmath, numba, numpy, opcode, packaging, pandas, patsy, pil, plotly, psutil, pyexpat, pyparsing, pytz, scipy, seaborn, six, sklearn, sre_compile, sre_constants, sre_parse, statsmodels, sympy, threadpoolctl, tzdata, yaml",,,,,,,,,,,,,,,,,,,,,,
script_90,26,0,0,"cycler, cython_runtime, dateutil, greenlet, joblib, kiwisolver, matplotlib, mpl_toolkits, numpy, opcode, packaging, pandas, pil, psutil, pyexpat, pyparsing, pytz, scipy, six, sklearn, sqlalchemy, sre_compile, sre_constants, sre_parse, threadpoolctl, tzdata",,,,,,,,,,,,,,,,,,,,,,
script_91,14,0,0,"cython_runtime, dateutil, greenlet, numpy, opcode, pandas, plotly, pytz, six, sqlalchemy, sre_compile, sre_constants, sre_parse, tzdata",,,,,,,,,,,,,,,,,,,,,,
script_92,29,0,0,"colorama, cycler, cython_runtime, dateutil, kiwisolver, llvmlite, matplotlib, mpl_toolkits, mpmath, numba, numpy, opcode, packaging, pandas, patsy, pil, pyexpat, pyparsing, pytz, scipy, seaborn, six, sre_compile, sre_constants, sre_parse, statsmodels, sympy, tzdata, yaml",,,,,,,,,,,,,,,,,,,,,,
script_93,0,0,0,,,,,,,,,,,,,,,,,,,,,,,
script_94,0,0,0,,,,,,,,,,,,,,,,,,,,,,,
script_95,16,0,0,"cython_runtime, dateutil, joblib, numpy, opcode, pandas, psutil, pytz, scipy, six, sklearn, sre_compile, sre_constants, sre_parse, threadpoolctl, tzdata",,,,,,,,,,,,,,,,,,,,,,
script_96,0,0,0,,,,,,,,,,,,,,,,,,,,,,,
script_97,30,0,0,"click, colorama, cycler, cython_runtime, dateutil, kiwisolver, llvmlite, matplotlib, mpl_toolkits, mpmath, numba, numpy, opcode, packaging, pandas, patsy, pil, pyexpat, pyparsing, pytz, scipy, seaborn, six, sre_compile, sre_constants, sre_parse, statsmodels, sympy, tzdata, yaml",,,,,,,,,,,,,,,,,,,,,,
script_98,0,0,0,,,,,,,,,,,,,,,,,,,,,,,
script_99,0,0,0,,,,,,,,,,,,,,,,,,,,,,,
script_100,0,0,0,,,,,,,,,,,,,,,,,,,,,,,
